,Year,Movie,Oscar_nominee,Oscar_winner,Predicted Win Rate
71,2015,Demolition,0,0,0.061
63,2015,Bãhubali: The Beginning,0,0,0.057
75,2015,The Invitation,0,0,0.056
84,2015,Knock Knock,0,0,0.054
73,2015,Hardcore Henry,0,0,0.053
80,2015,Bone Tomahawk,0,0,0.051
92,2015,Bajrangi Bhaijaan,0,0,0.045
83,2015,No Escape,0,0,0.041
57,2015,The Visit,0,0,0.039
90,2015,Beasts of No Nation,0,0,0.036
